{
    "schemes": [
        "http",
        "https"
    ],
    "swagger": "2.0",
    "info": {
        "description": "描述：这是swagger demo API",
        "title": "标题：Swagger Demo API",
        "contact": {
            "name": "接口联系人信息",
            "url": "http://www.swagger.io/support",
            "email": "support@swagger.io"
        },
        "license": {
            "name": "Apache 2.0",
            "url": "http://www.apache.org/licenses/LICENSE-2.0.html"
        },
        "version": "1.0"
    },
    "host": "localhost:8081",
    "basePath": "/api/v1",
    "paths": {
        "/ping": {
            "get": {
                "description": "return hello world json format content",
                "consumes": [
                    "application/json"
                ],
                "produces": [
                    "application/json",
                    "application/json"
                ],
                "tags": [
                    "测试模块"
                ],
                "summary": "ping api",
                "parameters": [
                    {
                        "type": "string",
                        "description": "name",
                        "name": "name",
                        "in": "query",
                        "required": true
                    }
                ],
                "responses": {
                    "200": {
                        "description": "hello world",
                        "schema": {
                            "type": "json"
                        }
                    }
                }
            }
        },
        "/test": {
            "get": {
                "security": [
                    {
                        "BasicAuth": []
                    }
                ],
                "description": "| 项目 | 进展 | 人员 |\n| :-------- | --------:| :--: |\n| iPhone | 完成 | hu |\n| iPad | 未完成 | li |\n| iMac | 未开始 | wang |",
                "consumes": [
                    "application/json",
                    "application/x-www-form-urlencoded",
                    "multipart/form-data",
                    "application/octet-stream"
                ],
                "produces": [
                    "application/json"
                ],
                "tags": [
                    "Test模块"
                ],
                "summary": "测试接口",
                "responses": {
                    "200": {
                        "description": "响应参数",
                        "schema": {
                            "$ref": "#/definitions/v1.RespuserList"
                        }
                    },
                    "400": {
                        "description": "请求错误",
                        "schema": {
                            "type": "string"
                        }
                    },
                    "500": {
                        "description": "内部错误",
                        "schema": {
                            "type": "string"
                        }
                    }
                }
            }
        },
        "/user/{id}": {
            "post": {
                "security": [
                    {
                        "Bearer": []
                    }
                ],
                "description": "用户功能相关接口",
                "consumes": [
                    "application/json",
                    "application/x-www-form-urlencoded",
                    "multipart/form-data",
                    "application/octet-stream"
                ],
                "produces": [
                    "application/json"
                ],
                "tags": [
                    "用户模块"
                ],
                "summary": "用户创建",
                "parameters": [
                    {
                        "type": "string",
                        "description": "Bearer 用户令牌",
                        "name": "Authorization",
                        "in": "header",
                        "required": true
                    },
                    {
                        "type": "string",
                        "description": "用户id",
                        "name": "id",
                        "in": "path",
                        "required": true
                    },
                    {
                        "description": "创建参数",
                        "name": "object",
                        "in": "body",
                        "required": true,
                        "schema": {
                            "$ref": "#/definitions/model.User"
                        }
                    }
                ],
                "responses": {
                    "200": {
                        "description": "响应参数",
                        "schema": {
                            "$ref": "#/definitions/v1.RespuserList"
                        }
                    },
                    "400": {
                        "description": "请求错误",
                        "schema": {
                            "type": "string"
                        }
                    },
                    "500": {
                        "description": "内部错误",
                        "schema": {
                            "type": "string"
                        }
                    }
                }
            }
        }
    },
    "definitions": {
        "model.User": {
            "type": "object",
            "properties": {
                "age": {
                    "type": "integer"
                },
                "id": {
                    "description": "设置最小值、最大值、默认值",
                    "type": "integer",
                    "default": 15,
                    "maximum": 20,
                    "minimum": 10
                },
                "name": {
                    "description": "设置最小长度、最大长度、示例值",
                    "type": "string",
                    "maxLength": 16,
                    "example": "random string"
                }
            }
        },
        "v1.RespuserList": {
            "type": "object",
            "properties": {
                "code": {
                    "description": "业务响应状态码",
                    "type": "integer"
                },
                "data": {
                    "description": "数据",
                    "type": "array",
                    "items": {
                        "$ref": "#/definitions/model.User"
                    }
                },
                "message": {
                    "description": "提示信息",
                    "type": "string"
                }
            }
        }
    },
    "securityDefinitions": {
        "BasicAuth": {
            "type": "basic"
        },
        "Bearer": {
            "type": "apiKey",
            "name": "Authorization",
            "in": "header"
        }
    }
}