{
    "swagger": "2.0",
    "info": {
        "description": "使用gin+vue3进行极速开发的全栈开发rbac权限管理基础平台.",
        "title": "Gin-Vue3-RBAC Swagger API接口文档",
        "contact": {},
        "version": "v1.1.1"
    },
    "basePath": "/api/v1",
    "paths": {
        "/auth/login": {
            "post": {
                "description": "Logs a user in and returns an authentication token.",
                "consumes": [
                    "application/json"
                ],
                "produces": [
                    "application/json"
                ],
                "tags": [
                    "Auth"
                ],
                "summary": "Login",
                "parameters": [
                    {
                        "description": "Login request parameters",
                        "name": "data",
                        "in": "body",
                        "required": true,
                        "schema": {
                            "$ref": "#/definitions/dtos.LoginUserReqDTO"
                        }
                    }
                ],
                "responses": {
                    "200": {
                        "description": "Successful response with authentication token",
                        "schema": {
                            "allOf": [
                                {
                                    "$ref": "#/definitions/response.Response"
                                },
                                {
                                    "type": "object",
                                    "properties": {
                                        "Data": {
                                            "$ref": "#/definitions/dtos.TokenResDTO"
                                        }
                                    }
                                }
                            ]
                        }
                    }
                }
            }
        },
        "/auth/register": {
            "post": {
                "description": "Registers a new user and returns an authentication token.",
                "consumes": [
                    "application/json"
                ],
                "produces": [
                    "application/json"
                ],
                "tags": [
                    "Auth"
                ],
                "summary": "Register",
                "parameters": [
                    {
                        "description": "Register request parameters",
                        "name": "data",
                        "in": "body",
                        "required": true,
                        "schema": {
                            "$ref": "#/definitions/dtos.CreateUserReqDTO"
                        }
                    }
                ],
                "responses": {
                    "200": {
                        "description": "Successful response with authentication token",
                        "schema": {
                            "allOf": [
                                {
                                    "$ref": "#/definitions/response.Response"
                                },
                                {
                                    "type": "object",
                                    "properties": {
                                        "Data": {
                                            "$ref": "#/definitions/dtos.TokenResDTO"
                                        }
                                    }
                                }
                            ]
                        }
                    }
                }
            }
        },
        "/auth/user": {
            "get": {
                "security": [
                    {
                        "ApiKeyAuth": []
                    }
                ],
                "description": "Gets the authenticated user's information.",
                "consumes": [
                    "application/json"
                ],
                "produces": [
                    "application/json"
                ],
                "tags": [
                    "Auth"
                ],
                "summary": "Get User",
                "responses": {
                    "200": {
                        "description": "Successful response with user information",
                        "schema": {
                            "allOf": [
                                {
                                    "$ref": "#/definitions/response.Response"
                                },
                                {
                                    "type": "object",
                                    "properties": {
                                        "Data": {
                                            "$ref": "#/definitions/dtos.GetFullUserResDTO"
                                        }
                                    }
                                }
                            ]
                        }
                    }
                }
            },
            "put": {
                "security": [
                    {
                        "ApiKeyAuth": []
                    }
                ],
                "description": "Updates the authenticated user's information.",
                "consumes": [
                    "application/json"
                ],
                "produces": [
                    "application/json"
                ],
                "tags": [
                    "Auth"
                ],
                "summary": "Update User",
                "parameters": [
                    {
                        "description": "Update user request parameters",
                        "name": "data",
                        "in": "body",
                        "required": true,
                        "schema": {
                            "$ref": "#/definitions/dtos.UpdateUserReqDTO"
                        }
                    }
                ],
                "responses": {
                    "200": {
                        "description": "Successful response with user updated message",
                        "schema": {
                            "allOf": [
                                {
                                    "$ref": "#/definitions/response.Response"
                                },
                                {
                                    "type": "object",
                                    "properties": {
                                        "Data": {
                                            "type": "object"
                                        }
                                    }
                                }
                            ]
                        }
                    }
                }
            },
            "delete": {
                "security": [
                    {
                        "ApiKeyAuth": []
                    }
                ],
                "description": "Deletes the authenticated user.",
                "consumes": [
                    "application/json"
                ],
                "produces": [
                    "application/json"
                ],
                "tags": [
                    "Auth"
                ],
                "summary": "Delete User",
                "responses": {
                    "200": {
                        "description": "Successful response with user deleted message",
                        "schema": {
                            "allOf": [
                                {
                                    "$ref": "#/definitions/response.Response"
                                },
                                {
                                    "type": "object",
                                    "properties": {
                                        "Data": {
                                            "type": "object"
                                        }
                                    }
                                }
                            ]
                        }
                    }
                }
            }
        },
        "/auth/user/avatar": {
            "put": {
                "security": [
                    {
                        "ApiKeyAuth": []
                    }
                ],
                "description": "Updates the authenticated user's avatar.",
                "consumes": [
                    "application/json"
                ],
                "produces": [
                    "application/json"
                ],
                "tags": [
                    "Auth"
                ],
                "summary": "Update Avatar",
                "parameters": [
                    {
                        "description": "Update avatar request parameters",
                        "name": "data",
                        "in": "body",
                        "required": true,
                        "schema": {
                            "$ref": "#/definitions/dtos.UpdateUserAvatarReqDTO"
                        }
                    }
                ],
                "responses": {
                    "200": {
                        "description": "Successful response with user avatar updated message",
                        "schema": {
                            "allOf": [
                                {
                                    "$ref": "#/definitions/response.Response"
                                },
                                {
                                    "type": "object",
                                    "properties": {
                                        "Data": {
                                            "type": "object"
                                        }
                                    }
                                }
                            ]
                        }
                    }
                }
            }
        },
        "/auth/user/password": {
            "put": {
                "security": [
                    {
                        "ApiKeyAuth": []
                    }
                ],
                "description": "Updates the authenticated user's password.",
                "consumes": [
                    "application/json"
                ],
                "produces": [
                    "application/json"
                ],
                "tags": [
                    "Auth"
                ],
                "summary": "Update Password",
                "parameters": [
                    {
                        "description": "Update password request parameters",
                        "name": "data",
                        "in": "body",
                        "required": true,
                        "schema": {
                            "$ref": "#/definitions/dtos.UpdatePasswordReqDTO"
                        }
                    }
                ],
                "responses": {
                    "200": {
                        "description": "Successful response with user password updated message",
                        "schema": {
                            "allOf": [
                                {
                                    "$ref": "#/definitions/response.Response"
                                },
                                {
                                    "type": "object",
                                    "properties": {
                                        "Data": {
                                            "type": "object"
                                        }
                                    }
                                }
                            ]
                        }
                    }
                }
            }
        },
        "/images/upload": {
            "post": {
                "security": [
                    {
                        "ApiKeyAuth": []
                    }
                ],
                "description": "Upload Image",
                "consumes": [
                    "multipart/form-data"
                ],
                "produces": [
                    "application/json"
                ],
                "tags": [
                    "Image"
                ],
                "summary": "Upload Image",
                "parameters": [
                    {
                        "type": "file",
                        "description": "Upload Image request",
                        "name": "image",
                        "in": "formData",
                        "required": true
                    }
                ],
                "responses": {
                    "200": {
                        "description": "Successfully response with image information",
                        "schema": {
                            "$ref": "#/definitions/dtos.UploadImageResDTO"
                        }
                    }
                }
            }
        },
        "/images/{id}": {
            "get": {
                "security": [
                    {
                        "ApiKeyAuth": []
                    }
                ],
                "description": "Get Image",
                "produces": [
                    "application/json"
                ],
                "tags": [
                    "Image"
                ],
                "summary": "Get Image",
                "parameters": [
                    {
                        "type": "integer",
                        "description": "Get Image request",
                        "name": "id",
                        "in": "path",
                        "required": true
                    }
                ],
                "responses": {
                    "200": {
                        "description": "Successfully response with image information",
                        "schema": {
                            "$ref": "#/definitions/dtos.GetImageResDTO"
                        }
                    }
                }
            },
            "delete": {
                "security": [
                    {
                        "ApiKeyAuth": []
                    }
                ],
                "description": "Delete Image",
                "produces": [
                    "application/json"
                ],
                "tags": [
                    "Image"
                ],
                "summary": "Delete Image",
                "parameters": [
                    {
                        "type": "integer",
                        "description": "Delete Image request",
                        "name": "id",
                        "in": "path",
                        "required": true
                    }
                ],
                "responses": {
                    "200": {
                        "description": "Successfully response with image information",
                        "schema": {
                            "type": "string"
                        }
                    }
                }
            }
        },
        "/permissions/": {
            "get": {
                "security": [
                    {
                        "ApiKeyAuth": []
                    }
                ],
                "description": "Get permissions list.",
                "consumes": [
                    "application/json"
                ],
                "produces": [
                    "application/json"
                ],
                "tags": [
                    "Permission"
                ],
                "summary": "Get Permission List",
                "parameters": [
                    {
                        "type": "string",
                        "description": "API分组",
                        "name": "api_group",
                        "in": "query"
                    },
                    {
                        "type": "string",
                        "description": "请求路径",
                        "name": "api_path",
                        "in": "query"
                    },
                    {
                        "type": "string",
                        "description": "权限描述",
                        "name": "description",
                        "in": "query"
                    },
                    {
                        "type": "string",
                        "description": "请求方法",
                        "name": "method",
                        "in": "query"
                    },
                    {
                        "type": "string",
                        "description": "权限名称",
                        "name": "name",
                        "in": "query"
                    },
                    {
                        "type": "string",
                        "description": "排序顺序",
                        "name": "order",
                        "in": "query"
                    },
                    {
                        "type": "integer",
                        "description": "当前页码",
                        "name": "page",
                        "in": "query"
                    },
                    {
                        "type": "integer",
                        "description": "每页数量",
                        "name": "size",
                        "in": "query"
                    },
                    {
                        "type": "string",
                        "description": "排序字段",
                        "name": "sort_by",
                        "in": "query"
                    }
                ],
                "responses": {
                    "200": {
                        "description": "Successfully response with permission list information",
                        "schema": {
                            "allOf": [
                                {
                                    "$ref": "#/definitions/response.Response"
                                },
                                {
                                    "type": "object",
                                    "properties": {
                                        "Data": {
                                            "$ref": "#/definitions/dtos.PaginationResultExample"
                                        }
                                    }
                                }
                            ]
                        }
                    }
                }
            },
            "post": {
                "security": [
                    {
                        "ApiKeyAuth": []
                    }
                ],
                "description": "Create permission.",
                "consumes": [
                    "application/json"
                ],
                "produces": [
                    "application/json"
                ],
                "tags": [
                    "Permission"
                ],
                "summary": "Create Permission",
                "parameters": [
                    {
                        "description": "Create permission request parameters",
                        "name": "data",
                        "in": "body",
                        "required": true,
                        "schema": {
                            "$ref": "#/definitions/dtos.CreatePermissionReqDTO"
                        }
                    }
                ],
                "responses": {
                    "201": {
                        "description": "Successfully response with permission created message",
                        "schema": {
                            "allOf": [
                                {
                                    "$ref": "#/definitions/response.Response"
                                },
                                {
                                    "type": "object",
                                    "properties": {
                                        "Data": {
                                            "type": "object"
                                        }
                                    }
                                }
                            ]
                        }
                    }
                }
            }
        },
        "/permissions/{id}": {
            "get": {
                "security": [
                    {
                        "ApiKeyAuth": []
                    }
                ],
                "description": "Get permission by id.",
                "consumes": [
                    "application/json"
                ],
                "produces": [
                    "application/json"
                ],
                "tags": [
                    "Permission"
                ],
                "summary": "Get Permission",
                "parameters": [
                    {
                        "type": "integer",
                        "description": "Get permission request parameters",
                        "name": "id",
                        "in": "path",
                        "required": true
                    }
                ],
                "responses": {
                    "200": {
                        "description": "Successfully response with permission information",
                        "schema": {
                            "allOf": [
                                {
                                    "$ref": "#/definitions/response.Response"
                                },
                                {
                                    "type": "object",
                                    "properties": {
                                        "Data": {
                                            "$ref": "#/definitions/dtos.GetPermissionDTOExample"
                                        }
                                    }
                                }
                            ]
                        }
                    }
                }
            },
            "put": {
                "security": [
                    {
                        "ApiKeyAuth": []
                    }
                ],
                "description": "Update permission by id.",
                "consumes": [
                    "application/json"
                ],
                "produces": [
                    "application/json"
                ],
                "tags": [
                    "Permission"
                ],
                "summary": "Update Permission",
                "parameters": [
                    {
                        "type": "integer",
                        "description": "Get permission request parameters",
                        "name": "id",
                        "in": "path",
                        "required": true
                    },
                    {
                        "description": "Update permission request parameters",
                        "name": "data",
                        "in": "body",
                        "required": true,
                        "schema": {
                            "$ref": "#/definitions/dtos.UpdatePermissionReqDTO"
                        }
                    }
                ],
                "responses": {
                    "200": {
                        "description": "Successfully response with permission updated message",
                        "schema": {
                            "allOf": [
                                {
                                    "$ref": "#/definitions/response.Response"
                                },
                                {
                                    "type": "object",
                                    "properties": {
                                        "Data": {
                                            "type": "object"
                                        }
                                    }
                                }
                            ]
                        }
                    }
                }
            },
            "delete": {
                "security": [
                    {
                        "ApiKeyAuth": []
                    }
                ],
                "description": "Delete permission by id.",
                "consumes": [
                    "application/json"
                ],
                "produces": [
                    "application/json"
                ],
                "tags": [
                    "Permission"
                ],
                "summary": "Delete Permission",
                "parameters": [
                    {
                        "type": "integer",
                        "description": "Delete permission request parameters",
                        "name": "id",
                        "in": "path",
                        "required": true
                    }
                ],
                "responses": {
                    "200": {
                        "description": "Successfully response with permission deleted message",
                        "schema": {
                            "allOf": [
                                {
                                    "$ref": "#/definitions/response.Response"
                                },
                                {
                                    "type": "object",
                                    "properties": {
                                        "Data": {
                                            "type": "object"
                                        }
                                    }
                                }
                            ]
                        }
                    }
                }
            }
        },
        "/permissions/{id}/recover": {
            "put": {
                "security": [
                    {
                        "ApiKeyAuth": []
                    }
                ],
                "description": "Recover permission.",
                "consumes": [
                    "application/json"
                ],
                "produces": [
                    "application/json"
                ],
                "tags": [
                    "Permission"
                ],
                "summary": "Recover Permission",
                "parameters": [
                    {
                        "type": "integer",
                        "description": "Recover permission request parameters",
                        "name": "id",
                        "in": "path",
                        "required": true
                    }
                ],
                "responses": {
                    "200": {
                        "description": "Successfully response with permission recovered message",
                        "schema": {
                            "allOf": [
                                {
                                    "$ref": "#/definitions/response.Response"
                                },
                                {
                                    "type": "object",
                                    "properties": {
                                        "Data": {
                                            "type": "object"
                                        }
                                    }
                                }
                            ]
                        }
                    }
                }
            }
        },
        "/role-permissions/": {
            "post": {
                "security": [
                    {
                        "ApiKeyAuth": []
                    }
                ],
                "description": "Create rolePermissions by roleIDs and permissionIDs",
                "consumes": [
                    "application/json"
                ],
                "produces": [
                    "application/json"
                ],
                "tags": [
                    "RolePermission"
                ],
                "summary": "Create RolePermissions",
                "parameters": [
                    {
                        "description": "Create rolePermissions request parameters",
                        "name": "data",
                        "in": "body",
                        "required": true,
                        "schema": {
                            "$ref": "#/definitions/dtos.CreateRolePermissionsByIDsReqDTO"
                        }
                    }
                ],
                "responses": {
                    "200": {
                        "description": "Successfully response with rolePermissions created message",
                        "schema": {
                            "allOf": [
                                {
                                    "$ref": "#/definitions/response.Response"
                                },
                                {
                                    "type": "object",
                                    "properties": {
                                        "Data": {
                                            "type": "object"
                                        }
                                    }
                                }
                            ]
                        }
                    }
                }
            },
            "delete": {
                "security": [
                    {
                        "ApiKeyAuth": []
                    }
                ],
                "description": "Delete rolePermissions by roleIDs and permissionIDs",
                "consumes": [
                    "application/json"
                ],
                "produces": [
                    "application/json"
                ],
                "tags": [
                    "RolePermission"
                ],
                "summary": "Delete RolePermissions",
                "parameters": [
                    {
                        "description": "Delete rolePermissions request parameters",
                        "name": "data",
                        "in": "body",
                        "required": true,
                        "schema": {
                            "$ref": "#/definitions/dtos.DeleteRolePermissionsByIDsReqDTO"
                        }
                    }
                ],
                "responses": {
                    "200": {
                        "description": "Successfully response with rolePermissions deleted message",
                        "schema": {
                            "allOf": [
                                {
                                    "$ref": "#/definitions/response.Response"
                                },
                                {
                                    "type": "object",
                                    "properties": {
                                        "Data": {
                                            "type": "object"
                                        }
                                    }
                                }
                            ]
                        }
                    }
                }
            }
        },
        "/role-permissions/permissions/{permissionID}/roles": {
            "get": {
                "security": [
                    {
                        "ApiKeyAuth": []
                    }
                ],
                "description": "Get rolePermissions by permissionID",
                "consumes": [
                    "application/json"
                ],
                "produces": [
                    "application/json"
                ],
                "tags": [
                    "RolePermission"
                ],
                "summary": "Get RolePermissions",
                "parameters": [
                    {
                        "type": "integer",
                        "description": "Get rolePermission by permissionID request parameters",
                        "name": "permissionID",
                        "in": "path",
                        "required": true
                    }
                ],
                "responses": {
                    "200": {
                        "description": "Successfully response with rolePermission list information",
                        "schema": {
                            "allOf": [
                                {
                                    "$ref": "#/definitions/response.Response"
                                },
                                {
                                    "type": "object",
                                    "properties": {
                                        "Data": {
                                            "type": "array",
                                            "items": {
                                                "$ref": "#/definitions/dtos.GetRolePermissionResDTOExample"
                                            }
                                        }
                                    }
                                }
                            ]
                        }
                    }
                }
            }
        },
        "/role-permissions/roles/{roleID}/permissions": {
            "get": {
                "security": [
                    {
                        "ApiKeyAuth": []
                    }
                ],
                "description": "Get rolePermissions by roleID",
                "consumes": [
                    "application/json"
                ],
                "produces": [
                    "application/json"
                ],
                "tags": [
                    "RolePermission"
                ],
                "summary": "Get RolePermissions",
                "parameters": [
                    {
                        "type": "integer",
                        "description": "Get rolePermissions by roleID request parameters",
                        "name": "roleID",
                        "in": "path",
                        "required": true
                    }
                ],
                "responses": {
                    "200": {
                        "description": "Successfully response with rolePermission list information",
                        "schema": {
                            "allOf": [
                                {
                                    "$ref": "#/definitions/response.Response"
                                },
                                {
                                    "type": "object",
                                    "properties": {
                                        "Data": {
                                            "type": "array",
                                            "items": {
                                                "$ref": "#/definitions/dtos.GetRolePermissionResDTOExample"
                                            }
                                        }
                                    }
                                }
                            ]
                        }
                    }
                }
            }
        },
        "/role-permissions/roles/{roleID}/permissions/{permissionID}": {
            "get": {
                "security": [
                    {
                        "ApiKeyAuth": []
                    }
                ],
                "description": "Get rolePermission by roleID and permissionID",
                "consumes": [
                    "application/json"
                ],
                "produces": [
                    "application/json"
                ],
                "tags": [
                    "RolePermission"
                ],
                "summary": "Get RolePermission",
                "parameters": [
                    {
                        "type": "integer",
                        "description": "Get rolePermission request parameters",
                        "name": "roleID",
                        "in": "path",
                        "required": true
                    },
                    {
                        "type": "integer",
                        "description": "Get rolePermission request parameters",
                        "name": "permissionID",
                        "in": "path",
                        "required": true
                    }
                ],
                "responses": {
                    "200": {
                        "description": "Successfully response with rolePermission information",
                        "schema": {
                            "allOf": [
                                {
                                    "$ref": "#/definitions/response.Response"
                                },
                                {
                                    "type": "object",
                                    "properties": {
                                        "Data": {
                                            "$ref": "#/definitions/dtos.GetRolePermissionResDTOExample"
                                        }
                                    }
                                }
                            ]
                        }
                    }
                }
            }
        },
        "/roles/": {
            "get": {
                "security": [
                    {
                        "ApiKeyAuth": []
                    }
                ],
                "description": "Get role list.",
                "consumes": [
                    "application/json"
                ],
                "produces": [
                    "application/json"
                ],
                "tags": [
                    "Role"
                ],
                "summary": "Get Role List",
                "parameters": [
                    {
                        "maxLength": 20,
                        "type": "string",
                        "description": "角色名称",
                        "name": "name",
                        "in": "query"
                    },
                    {
                        "type": "string",
                        "description": "排序顺序",
                        "name": "order",
                        "in": "query"
                    },
                    {
                        "type": "integer",
                        "description": "当前页码",
                        "name": "page",
                        "in": "query"
                    },
                    {
                        "type": "integer",
                        "description": "每页数量",
                        "name": "size",
                        "in": "query"
                    },
                    {
                        "type": "string",
                        "description": "排序字段",
                        "name": "sort_by",
                        "in": "query"
                    }
                ],
                "responses": {
                    "200": {
                        "description": "Successfully response with role list information",
                        "schema": {
                            "allOf": [
                                {
                                    "$ref": "#/definitions/response.Response"
                                },
                                {
                                    "type": "object",
                                    "properties": {
                                        "Data": {
                                            "$ref": "#/definitions/dtos.PaginationResultExample"
                                        }
                                    }
                                }
                            ]
                        }
                    }
                }
            },
            "post": {
                "security": [
                    {
                        "ApiKeyAuth": []
                    }
                ],
                "description": "Create role.",
                "consumes": [
                    "application/json"
                ],
                "produces": [
                    "application/json"
                ],
                "tags": [
                    "Role"
                ],
                "summary": "Create Role",
                "parameters": [
                    {
                        "description": "Create role request parameters",
                        "name": "data",
                        "in": "body",
                        "required": true,
                        "schema": {
                            "$ref": "#/definitions/dtos.CreateRoleReqDTO"
                        }
                    }
                ],
                "responses": {
                    "201": {
                        "description": "Successfully response with role created message",
                        "schema": {
                            "allOf": [
                                {
                                    "$ref": "#/definitions/response.Response"
                                },
                                {
                                    "type": "object",
                                    "properties": {
                                        "Data": {
                                            "type": "object"
                                        }
                                    }
                                }
                            ]
                        }
                    }
                }
            }
        },
        "/roles/{id}": {
            "get": {
                "security": [
                    {
                        "ApiKeyAuth": []
                    }
                ],
                "description": "Get role by id.",
                "consumes": [
                    "application/json"
                ],
                "produces": [
                    "application/json"
                ],
                "tags": [
                    "Role"
                ],
                "summary": "Get Role",
                "parameters": [
                    {
                        "type": "integer",
                        "description": "Get role request parameters",
                        "name": "id",
                        "in": "path",
                        "required": true
                    }
                ],
                "responses": {
                    "200": {
                        "description": "Successfully response with role information",
                        "schema": {
                            "allOf": [
                                {
                                    "$ref": "#/definitions/response.Response"
                                },
                                {
                                    "type": "object",
                                    "properties": {
                                        "Data": {
                                            "$ref": "#/definitions/dtos.GetRoleDTOExample"
                                        }
                                    }
                                }
                            ]
                        }
                    }
                }
            },
            "put": {
                "security": [
                    {
                        "ApiKeyAuth": []
                    }
                ],
                "description": "Update role by id.",
                "consumes": [
                    "application/json"
                ],
                "produces": [
                    "application/json"
                ],
                "tags": [
                    "Role"
                ],
                "summary": "Update Role",
                "parameters": [
                    {
                        "type": "integer",
                        "description": "Get Role Request parameters",
                        "name": "id",
                        "in": "path",
                        "required": true
                    },
                    {
                        "description": "Update Role Request parameters",
                        "name": "data",
                        "in": "body",
                        "required": true,
                        "schema": {
                            "$ref": "#/definitions/dtos.UpdateRoleReqDTO"
                        }
                    }
                ],
                "responses": {
                    "200": {
                        "description": "Successfully response with role updated message",
                        "schema": {
                            "allOf": [
                                {
                                    "$ref": "#/definitions/response.Response"
                                },
                                {
                                    "type": "object",
                                    "properties": {
                                        "Data": {
                                            "type": "object"
                                        }
                                    }
                                }
                            ]
                        }
                    }
                }
            },
            "delete": {
                "security": [
                    {
                        "ApiKeyAuth": []
                    }
                ],
                "description": "Delete role by id.",
                "consumes": [
                    "application/json"
                ],
                "produces": [
                    "application/json"
                ],
                "tags": [
                    "Role"
                ],
                "summary": "Delete Role",
                "parameters": [
                    {
                        "type": "integer",
                        "description": "Delete role request parameters",
                        "name": "id",
                        "in": "path",
                        "required": true
                    }
                ],
                "responses": {
                    "200": {
                        "description": "Successfully response with role deleted message",
                        "schema": {
                            "allOf": [
                                {
                                    "$ref": "#/definitions/response.Response"
                                },
                                {
                                    "type": "object",
                                    "properties": {
                                        "Data": {
                                            "type": "object"
                                        }
                                    }
                                }
                            ]
                        }
                    }
                }
            }
        },
        "/roles/{id}/recover": {
            "put": {
                "security": [
                    {
                        "ApiKeyAuth": []
                    }
                ],
                "description": "Recover role by id.",
                "consumes": [
                    "application/json"
                ],
                "produces": [
                    "application/json"
                ],
                "tags": [
                    "Role"
                ],
                "summary": "Recover Role",
                "parameters": [
                    {
                        "type": "integer",
                        "description": "Recover role request parameters",
                        "name": "id",
                        "in": "path",
                        "required": true
                    }
                ],
                "responses": {
                    "200": {
                        "description": "Successfully response with role recovered message",
                        "schema": {
                            "allOf": [
                                {
                                    "$ref": "#/definitions/response.Response"
                                },
                                {
                                    "type": "object",
                                    "properties": {
                                        "Data": {
                                            "type": "object"
                                        }
                                    }
                                }
                            ]
                        }
                    }
                }
            }
        },
        "/system/health": {
            "get": {
                "description": "System health check",
                "consumes": [
                    "application/json"
                ],
                "produces": [
                    "application/json"
                ],
                "tags": [
                    "System"
                ],
                "summary": "System Health Check",
                "responses": {
                    "200": {
                        "description": "Successfully response with health status",
                        "schema": {
                            "allOf": [
                                {
                                    "$ref": "#/definitions/response.Response"
                                },
                                {
                                    "type": "object",
                                    "properties": {
                                        "data": {
                                            "type": "string"
                                        }
                                    }
                                }
                            ]
                        }
                    }
                }
            }
        },
        "/system/routes": {
            "get": {
                "security": [
                    {
                        "ApiKeyAuth": []
                    }
                ],
                "description": "Get routes",
                "consumes": [
                    "application/json"
                ],
                "produces": [
                    "application/json"
                ],
                "tags": [
                    "System"
                ],
                "summary": "Get Routes",
                "responses": {
                    "200": {
                        "description": "Successfully response with router information",
                        "schema": {
                            "allOf": [
                                {
                                    "$ref": "#/definitions/response.Response"
                                },
                                {
                                    "type": "object",
                                    "properties": {
                                        "data": {
                                            "type": "array",
                                            "items": {
                                                "$ref": "#/definitions/dtos.RouterDTO"
                                            }
                                        }
                                    }
                                }
                            ]
                        }
                    }
                }
            }
        },
        "/user-roles/": {
            "post": {
                "security": [
                    {
                        "ApiKeyAuth": []
                    }
                ],
                "description": "Create userRoles by userIDs and roleIDs",
                "consumes": [
                    "application/json"
                ],
                "produces": [
                    "application/json"
                ],
                "tags": [
                    "UserRole"
                ],
                "summary": "Create UserRoles",
                "parameters": [
                    {
                        "description": "Create userRoles request parameters",
                        "name": "data",
                        "in": "body",
                        "required": true,
                        "schema": {
                            "$ref": "#/definitions/dtos.CreateUserRolesByIDsReqDTO"
                        }
                    }
                ],
                "responses": {
                    "200": {
                        "description": "Successful response with userRoles message",
                        "schema": {
                            "allOf": [
                                {
                                    "$ref": "#/definitions/response.Response"
                                },
                                {
                                    "type": "object",
                                    "properties": {
                                        "Data": {
                                            "type": "object"
                                        }
                                    }
                                }
                            ]
                        }
                    }
                }
            },
            "delete": {
                "security": [
                    {
                        "ApiKeyAuth": []
                    }
                ],
                "description": "Delete userRoles by userIDs and roleIDs",
                "consumes": [
                    "application/json"
                ],
                "produces": [
                    "application/json"
                ],
                "tags": [
                    "UserRole"
                ],
                "summary": "Delete UserRoles",
                "parameters": [
                    {
                        "description": "Delete userRoles request parameters",
                        "name": "data",
                        "in": "body",
                        "required": true,
                        "schema": {
                            "$ref": "#/definitions/dtos.DeleteUserRolesByIDsReqDTO"
                        }
                    }
                ],
                "responses": {
                    "200": {
                        "description": "Successful response with userRoles message",
                        "schema": {
                            "allOf": [
                                {
                                    "$ref": "#/definitions/response.Response"
                                },
                                {
                                    "type": "object",
                                    "properties": {
                                        "Data": {
                                            "type": "object"
                                        }
                                    }
                                }
                            ]
                        }
                    }
                }
            }
        },
        "/user-roles/role/{roleID}": {
            "get": {
                "security": [
                    {
                        "ApiKeyAuth": []
                    }
                ],
                "description": "Get userRoles by roleID",
                "consumes": [
                    "application/json"
                ],
                "produces": [
                    "application/json"
                ],
                "tags": [
                    "UserRole"
                ],
                "summary": "Get UserRoles",
                "parameters": [
                    {
                        "type": "integer",
                        "description": "Get userRoles by roleID request parameters",
                        "name": "roleID",
                        "in": "path",
                        "required": true
                    }
                ],
                "responses": {
                    "200": {
                        "description": "Successful response with userRoles list information",
                        "schema": {
                            "allOf": [
                                {
                                    "$ref": "#/definitions/response.Response"
                                },
                                {
                                    "type": "object",
                                    "properties": {
                                        "Data": {
                                            "type": "array",
                                            "items": {
                                                "$ref": "#/definitions/dtos.GetUserRoleByIDResDTOExample"
                                            }
                                        }
                                    }
                                }
                            ]
                        }
                    }
                }
            }
        },
        "/user-roles/user/{userID}": {
            "get": {
                "security": [
                    {
                        "ApiKeyAuth": []
                    }
                ],
                "description": "Get userRoles by userID",
                "consumes": [
                    "application/json"
                ],
                "produces": [
                    "application/json"
                ],
                "tags": [
                    "UserRole"
                ],
                "summary": "Get UserRoles",
                "parameters": [
                    {
                        "type": "integer",
                        "description": "Get UserRoles By UserID Request parameters",
                        "name": "userID",
                        "in": "path",
                        "required": true
                    }
                ],
                "responses": {
                    "200": {
                        "description": "Successful response with UserRoles list information",
                        "schema": {
                            "allOf": [
                                {
                                    "$ref": "#/definitions/response.Response"
                                },
                                {
                                    "type": "object",
                                    "properties": {
                                        "Data": {
                                            "type": "array",
                                            "items": {
                                                "$ref": "#/definitions/dtos.GetUserRoleByIDResDTOExample"
                                            }
                                        }
                                    }
                                }
                            ]
                        }
                    }
                }
            }
        },
        "/user-roles/{userID}/{roleID}": {
            "get": {
                "security": [
                    {
                        "ApiKeyAuth": []
                    }
                ],
                "description": "Get userRole by userID and roleID",
                "consumes": [
                    "application/json"
                ],
                "produces": [
                    "application/json"
                ],
                "tags": [
                    "UserRole"
                ],
                "summary": "Get UserRole",
                "parameters": [
                    {
                        "type": "integer",
                        "description": "Get userRole request parameters",
                        "name": "userID",
                        "in": "path",
                        "required": true
                    },
                    {
                        "type": "integer",
                        "description": "Get userRole request parameters",
                        "name": "roleID",
                        "in": "path",
                        "required": true
                    }
                ],
                "responses": {
                    "200": {
                        "description": "Successful response with user-role information",
                        "schema": {
                            "allOf": [
                                {
                                    "$ref": "#/definitions/response.Response"
                                },
                                {
                                    "type": "object",
                                    "properties": {
                                        "Data": {
                                            "$ref": "#/definitions/dtos.GetUserRoleByIDResDTOExample"
                                        }
                                    }
                                }
                            ]
                        }
                    }
                }
            }
        },
        "/users/public": {
            "get": {
                "description": "Get public user list.",
                "consumes": [
                    "application/json"
                ],
                "produces": [
                    "application/json"
                ],
                "tags": [
                    "User"
                ],
                "summary": "Get Public User List",
                "parameters": [
                    {
                        "type": "string",
                        "description": "排序顺序",
                        "name": "order",
                        "in": "query"
                    },
                    {
                        "type": "integer",
                        "description": "当前页码",
                        "name": "page",
                        "in": "query"
                    },
                    {
                        "type": "integer",
                        "description": "每页数量",
                        "name": "size",
                        "in": "query"
                    },
                    {
                        "type": "string",
                        "description": "排序字段",
                        "name": "sort_by",
                        "in": "query"
                    },
                    {
                        "type": "string",
                        "description": "关键词",
                        "name": "username",
                        "in": "query"
                    }
                ],
                "responses": {
                    "200": {
                        "description": "Successful response with public user list information",
                        "schema": {
                            "allOf": [
                                {
                                    "$ref": "#/definitions/response.Response"
                                },
                                {
                                    "type": "object",
                                    "properties": {
                                        "Data": {
                                            "$ref": "#/definitions/dtos.PaginationResultExample"
                                        }
                                    }
                                }
                            ]
                        }
                    }
                }
            }
        },
        "/users/reset_password": {
            "put": {
                "security": [
                    {
                        "ApiKeyAuth": []
                    }
                ],
                "description": "Reset user's password.",
                "consumes": [
                    "application/json"
                ],
                "produces": [
                    "application/json"
                ],
                "tags": [
                    "User"
                ],
                "summary": "Reset Password",
                "parameters": [
                    {
                        "description": "Reset user password request parameters",
                        "name": "data",
                        "in": "body",
                        "required": true,
                        "schema": {
                            "$ref": "#/definitions/dtos.ResetPasswordReqDTO"
                        }
                    }
                ],
                "responses": {
                    "200": {
                        "description": "Successful response with user password reset message",
                        "schema": {
                            "allOf": [
                                {
                                    "$ref": "#/definitions/response.Response"
                                },
                                {
                                    "type": "object",
                                    "properties": {
                                        "Data": {
                                            "type": "object"
                                        }
                                    }
                                }
                            ]
                        }
                    }
                }
            }
        },
        "/users/{id}": {
            "get": {
                "security": [
                    {
                        "ApiKeyAuth": []
                    }
                ],
                "description": "Get user by id.",
                "consumes": [
                    "application/json"
                ],
                "produces": [
                    "application/json"
                ],
                "tags": [
                    "User"
                ],
                "summary": "Get User",
                "parameters": [
                    {
                        "type": "integer",
                        "description": "Get full user request parameters",
                        "name": "id",
                        "in": "path",
                        "required": true
                    }
                ],
                "responses": {
                    "200": {
                        "description": "Successful response with user information",
                        "schema": {
                            "allOf": [
                                {
                                    "$ref": "#/definitions/response.Response"
                                },
                                {
                                    "type": "object",
                                    "properties": {
                                        "Data": {
                                            "$ref": "#/definitions/dtos.GetFullUserResDTO"
                                        }
                                    }
                                }
                            ]
                        }
                    }
                }
            },
            "delete": {
                "security": [
                    {
                        "ApiKeyAuth": []
                    }
                ],
                "description": "Delete user by id.",
                "consumes": [
                    "application/json"
                ],
                "produces": [
                    "application/json"
                ],
                "tags": [
                    "User"
                ],
                "summary": "Delete User",
                "parameters": [
                    {
                        "type": "integer",
                        "description": "Delete user request parameters",
                        "name": "id",
                        "in": "path",
                        "required": true
                    }
                ],
                "responses": {
                    "200": {
                        "description": "Successful response with user deleted message",
                        "schema": {
                            "allOf": [
                                {
                                    "$ref": "#/definitions/response.Response"
                                },
                                {
                                    "type": "object",
                                    "properties": {
                                        "Data": {
                                            "type": "object"
                                        }
                                    }
                                }
                            ]
                        }
                    }
                }
            }
        },
        "/users/{id}/public": {
            "get": {
                "description": "Get public user by id.",
                "consumes": [
                    "application/json"
                ],
                "produces": [
                    "application/json"
                ],
                "tags": [
                    "User"
                ],
                "summary": "Get Public User",
                "parameters": [
                    {
                        "type": "integer",
                        "description": "Public user info request parameters",
                        "name": "id",
                        "in": "path",
                        "required": true
                    }
                ],
                "responses": {
                    "200": {
                        "description": "Successful response with public user information",
                        "schema": {
                            "allOf": [
                                {
                                    "$ref": "#/definitions/response.Response"
                                },
                                {
                                    "type": "object",
                                    "properties": {
                                        "Data": {
                                            "$ref": "#/definitions/dtos.PublicUserResDTO"
                                        }
                                    }
                                }
                            ]
                        }
                    }
                }
            }
        },
        "/users/{id}/recover": {
            "put": {
                "security": [
                    {
                        "ApiKeyAuth": []
                    }
                ],
                "description": "Recover user by id.",
                "consumes": [
                    "application/json"
                ],
                "produces": [
                    "application/json"
                ],
                "tags": [
                    "User"
                ],
                "summary": "Recover User",
                "parameters": [
                    {
                        "type": "integer",
                        "description": "Recover user request parameters",
                        "name": "id",
                        "in": "path",
                        "required": true
                    }
                ],
                "responses": {
                    "200": {
                        "description": "Successful response with user recover message",
                        "schema": {
                            "allOf": [
                                {
                                    "$ref": "#/definitions/response.Response"
                                },
                                {
                                    "type": "object",
                                    "properties": {
                                        "Data": {
                                            "type": "object"
                                        }
                                    }
                                }
                            ]
                        }
                    }
                }
            }
        }
    },
    "definitions": {
        "dtos.CreatePermissionReqDTO": {
            "type": "object",
            "required": [
                "api_group",
                "api_path",
                "method",
                "name"
            ],
            "properties": {
                "api_group": {
                    "description": "API分组",
                    "type": "string",
                    "maxLength": 40
                },
                "api_path": {
                    "description": "请求路径",
                    "type": "string",
                    "maxLength": 255
                },
                "description": {
                    "description": "权限描述",
                    "type": "string",
                    "maxLength": 255
                },
                "method": {
                    "description": "请求方法",
                    "type": "string",
                    "maxLength": 10
                },
                "name": {
                    "description": "权限名称",
                    "type": "string",
                    "maxLength": 40
                }
            }
        },
        "dtos.CreateRolePermissionsByIDsReqDTO": {
            "type": "object",
            "required": [
                "permission_id_list",
                "role_id_list"
            ],
            "properties": {
                "permission_id_list": {
                    "description": "权限ID列表",
                    "type": "array",
                    "items": {
                        "type": "integer"
                    }
                },
                "role_id_list": {
                    "description": "角色ID列表",
                    "type": "array",
                    "items": {
                        "type": "integer"
                    }
                }
            }
        },
        "dtos.CreateRoleReqDTO": {
            "type": "object",
            "required": [
                "name"
            ],
            "properties": {
                "description": {
                    "description": "角色描述",
                    "type": "string",
                    "maxLength": 255
                },
                "name": {
                    "description": "角色名称",
                    "type": "string",
                    "maxLength": 20
                }
            }
        },
        "dtos.CreateUserReqDTO": {
            "type": "object",
            "required": [
                "password",
                "username"
            ],
            "properties": {
                "email": {
                    "description": "邮箱",
                    "type": "string",
                    "maxLength": 256
                },
                "password": {
                    "description": "密码",
                    "type": "string",
                    "maxLength": 20,
                    "minLength": 8
                },
                "phone_num": {
                    "description": "手机号",
                    "type": "string"
                },
                "username": {
                    "description": "用户名",
                    "type": "string",
                    "maxLength": 15,
                    "minLength": 1
                }
            }
        },
        "dtos.CreateUserRolesByIDsReqDTO": {
            "type": "object",
            "required": [
                "role_id_list",
                "user_id_list"
            ],
            "properties": {
                "role_id_list": {
                    "description": "角色ID列表",
                    "type": "array",
                    "items": {
                        "type": "integer"
                    }
                },
                "user_id_list": {
                    "description": "用户ID列表",
                    "type": "array",
                    "items": {
                        "type": "integer"
                    }
                }
            }
        },
        "dtos.DeleteRolePermissionsByIDsReqDTO": {
            "type": "object",
            "required": [
                "permission_id_list",
                "role_id_list"
            ],
            "properties": {
                "permission_id_list": {
                    "description": "权限ID列表",
                    "type": "array",
                    "items": {
                        "type": "integer"
                    }
                },
                "role_id_list": {
                    "description": "角色ID列表",
                    "type": "array",
                    "items": {
                        "type": "integer"
                    }
                }
            }
        },
        "dtos.DeleteUserRolesByIDsReqDTO": {
            "type": "object",
            "required": [
                "role_id_list",
                "user_id_list"
            ],
            "properties": {
                "role_id_list": {
                    "description": "角色ID列表",
                    "type": "array",
                    "items": {
                        "type": "integer"
                    }
                },
                "user_id_list": {
                    "description": "用户ID列表",
                    "type": "array",
                    "items": {
                        "type": "integer"
                    }
                }
            }
        },
        "dtos.Filter": {
            "type": "object",
            "required": [
                "op"
            ],
            "properties": {
                "field": {
                    "description": "过滤字段",
                    "type": "string"
                },
                "op": {
                    "description": "操作符",
                    "type": "string",
                    "enum": [
                        "eq",
                        "neq",
                        "gt",
                        "gte",
                        "lt",
                        "lte",
                        "contains",
                        "not_contains"
                    ]
                },
                "value": {
                    "description": "过滤值",
                    "type": "string"
                }
            }
        },
        "dtos.GetFullUserResDTO": {
            "type": "object",
            "properties": {
                "avatar_url": {
                    "description": "头像路径",
                    "type": "string"
                },
                "created_at_format": {
                    "description": "创建时间式化: \"2006-01-02\"",
                    "type": "string"
                },
                "deleted_at": {
                    "description": "删除时间",
                    "type": "string"
                },
                "email": {
                    "description": "邮箱",
                    "type": "string"
                },
                "id": {
                    "description": "用户ID",
                    "type": "integer"
                },
                "intro": {
                    "description": "简介",
                    "type": "string"
                },
                "phone_num": {
                    "description": "手机号",
                    "type": "string"
                },
                "sex": {
                    "description": "性别",
                    "type": "integer"
                },
                "updated_at_format": {
                    "description": "更新时间式化: \"2006-01-02\"",
                    "type": "string"
                },
                "username": {
                    "description": "用户名",
                    "type": "string"
                }
            }
        },
        "dtos.GetImageResDTO": {
            "type": "object",
            "properties": {
                "created_at": {
                    "description": "创建时间",
                    "type": "string"
                },
                "id": {
                    "description": "图片id",
                    "type": "integer"
                },
                "image_url": {
                    "description": "图片url",
                    "type": "string"
                }
            }
        },
        "dtos.GetPermissionDTOExample": {
            "type": "object",
            "properties": {
                "api_group": {
                    "description": "API分组",
                    "type": "string"
                },
                "api_path": {
                    "description": "请求路径",
                    "type": "string"
                },
                "created_at": {
                    "description": "创建时间",
                    "type": "string"
                },
                "deleted_at": {
                    "description": "删除时间",
                    "type": "string"
                },
                "description": {
                    "description": "权限描述",
                    "type": "string"
                },
                "id": {
                    "description": "权限ID",
                    "type": "integer"
                },
                "method": {
                    "description": "请求方法",
                    "type": "string"
                },
                "name": {
                    "description": "权限名称",
                    "type": "string"
                },
                "updated_at": {
                    "description": "更新时间",
                    "type": "string"
                }
            }
        },
        "dtos.GetRoleDTOExample": {
            "type": "object",
            "properties": {
                "created_at": {
                    "description": "创建时间",
                    "type": "string"
                },
                "deleted_at": {
                    "description": "删除时间",
                    "type": "string"
                },
                "description": {
                    "description": "角色描述",
                    "type": "string"
                },
                "id": {
                    "description": "角色ID",
                    "type": "integer"
                },
                "name": {
                    "description": "角色名称",
                    "type": "string"
                },
                "updated_at": {
                    "description": "更新时间",
                    "type": "string"
                }
            }
        },
        "dtos.GetRolePermissionResDTOExample": {
            "type": "object",
            "properties": {
                "created_at": {
                    "description": "创建时间",
                    "type": "string"
                },
                "deleted_at": {
                    "description": "删除时间",
                    "type": "string"
                },
                "permission_action": {
                    "description": "权限动作",
                    "type": "string"
                },
                "permission_description": {
                    "description": "权限描述",
                    "type": "string"
                },
                "permission_id": {
                    "description": "权限ID",
                    "type": "integer"
                },
                "permission_name": {
                    "description": "权限名称",
                    "type": "string"
                },
                "role_id": {
                    "description": "角色ID",
                    "type": "integer"
                },
                "role_name": {
                    "description": "角色名称",
                    "type": "string"
                }
            }
        },
        "dtos.GetUserRoleByIDResDTOExample": {
            "type": "object",
            "properties": {
                "created_at": {
                    "description": "创建时间",
                    "type": "string"
                },
                "deleted_at": {
                    "description": "删除时间",
                    "type": "string"
                },
                "role_description": {
                    "description": "角色描述",
                    "type": "string"
                },
                "role_id": {
                    "description": "角色ID",
                    "type": "integer"
                },
                "role_name": {
                    "description": "角色名称",
                    "type": "string"
                },
                "user_id": {
                    "description": "用户ID",
                    "type": "integer"
                },
                "username": {
                    "description": "用户名",
                    "type": "string"
                }
            }
        },
        "dtos.LoginUserReqDTO": {
            "type": "object",
            "required": [
                "credential",
                "password"
            ],
            "properties": {
                "credential": {
                    "description": "用户名、电话号码或电子邮件",
                    "type": "string"
                },
                "password": {
                    "description": "密码",
                    "type": "string",
                    "maxLength": 20,
                    "minLength": 8
                }
            }
        },
        "dtos.PaginationResultExample": {
            "type": "object",
            "properties": {
                "items": {
                    "type": "array",
                    "items": {}
                },
                "page": {
                    "type": "integer"
                },
                "pages": {
                    "type": "integer"
                },
                "size": {
                    "type": "integer"
                },
                "total": {
                    "type": "integer"
                }
            }
        },
        "dtos.PublicUserResDTO": {
            "type": "object",
            "properties": {
                "avatar_url": {
                    "description": "头像路径",
                    "type": "string"
                },
                "created_at_format": {
                    "description": "创建时间格式化: \"2006-01-02\"",
                    "type": "string"
                },
                "id": {
                    "description": "用户ID",
                    "type": "integer"
                },
                "intro": {
                    "description": "简介",
                    "type": "string"
                },
                "sex": {
                    "description": "性别",
                    "type": "integer"
                },
                "username": {
                    "description": "用户名",
                    "type": "string"
                }
            }
        },
        "dtos.ResetPasswordReqDTO": {
            "type": "object",
            "required": [
                "new_password"
            ],
            "properties": {
                "credential": {
                    "description": "用户名、电话号码或电子邮件",
                    "type": "string"
                },
                "new_password": {
                    "description": "新密码",
                    "type": "string"
                }
            }
        },
        "dtos.RouterDTO": {
            "type": "object",
            "properties": {
                "api_path": {
                    "description": "接口路径",
                    "type": "string"
                },
                "method": {
                    "description": "请求方法",
                    "type": "string"
                }
            }
        },
        "dtos.TokenResDTO": {
            "type": "object",
            "properties": {
                "token": {
                    "description": "登录token",
                    "type": "string"
                }
            }
        },
        "dtos.UpdatePasswordReqDTO": {
            "type": "object",
            "required": [
                "new_password",
                "old_password"
            ],
            "properties": {
                "new_password": {
                    "description": "新密码",
                    "type": "string"
                },
                "old_password": {
                    "description": "当前密码-旧密码",
                    "type": "string"
                }
            }
        },
        "dtos.UpdatePermissionReqDTO": {
            "type": "object",
            "required": [
                "api_group",
                "api_path",
                "description",
                "method",
                "name"
            ],
            "properties": {
                "api_group": {
                    "description": "API分组",
                    "type": "string",
                    "maxLength": 40
                },
                "api_path": {
                    "description": "请求路径",
                    "type": "string",
                    "maxLength": 255
                },
                "description": {
                    "description": "权限描述",
                    "type": "string",
                    "maxLength": 255
                },
                "method": {
                    "description": "请求方法",
                    "type": "string",
                    "maxLength": 10
                },
                "name": {
                    "description": "权限名称",
                    "type": "string",
                    "maxLength": 40
                }
            }
        },
        "dtos.UpdateRoleReqDTO": {
            "type": "object",
            "required": [
                "description",
                "name"
            ],
            "properties": {
                "description": {
                    "description": "角色描述",
                    "type": "string",
                    "maxLength": 255
                },
                "name": {
                    "description": "角色名称",
                    "type": "string",
                    "maxLength": 20
                }
            }
        },
        "dtos.UpdateUserAvatarReqDTO": {
            "type": "object",
            "required": [
                "avatar_id"
            ],
            "properties": {
                "avatar_id": {
                    "description": "头像ID",
                    "type": "integer"
                }
            }
        },
        "dtos.UpdateUserReqDTO": {
            "type": "object",
            "properties": {
                "email": {
                    "description": "邮箱",
                    "type": "string",
                    "maxLength": 256
                },
                "intro": {
                    "description": "简介",
                    "type": "string",
                    "maxLength": 30
                },
                "phone_num": {
                    "description": "手机号",
                    "type": "string"
                },
                "sex": {
                    "description": "性别, 0: 未设置, 1: 男, 2: 女",
                    "type": "integer",
                    "enum": [
                        0,
                        1,
                        2
                    ]
                },
                "username": {
                    "description": "用户名",
                    "type": "string",
                    "maxLength": 15,
                    "minLength": 1
                }
            }
        },
        "dtos.UploadImageResDTO": {
            "type": "object",
            "properties": {
                "created_at": {
                    "description": "创建时间",
                    "type": "string"
                },
                "id": {
                    "description": "图片id",
                    "type": "integer"
                },
                "image_url": {
                    "description": "图片url",
                    "type": "string"
                }
            }
        },
        "response.Response": {
            "type": "object",
            "properties": {
                "code": {
                    "description": "应用级别的错误代码，可选",
                    "type": "integer"
                },
                "data": {
                    "description": "实际响应数据，类型为 interface{}，意味着它可以是任何类型，具体类型在使用时确定。"
                },
                "msg": {
                    "description": "响应消息，提供人可读的响应信息",
                    "type": "string"
                }
            }
        }
    },
    "securityDefinitions": {
        "ApiKeyAuth": {
            "type": "apiKey",
            "name": "Authorization",
            "in": "header"
        }
    }
}